Security,GICS Sector,GICS Sub-Industry,Headquarters Location,Date added,CIK,Founded,city,state,population
3M,Industrials,Industrial Conglomerates,"Saint Paul, Minnesota",1957-03-04,66740,1902,Saint Paul,Minnesota,303176.0
A. O. Smith,Industrials,Building Products,"Milwaukee, Wisconsin",2017-07-26,91142,1916,Milwaukee,Wisconsin,563305.0
Abbott,Health Care,Health Care Equipment,"North Chicago, Illinois",1957-03-04,1800,1888,North Chicago,Illinois,30490.0
AbbVie,Health Care,Pharmaceuticals,"North Chicago, Illinois",2012-12-31,1551152,2013 (1888),North Chicago,Illinois,30490.0
ADM,Consumer Staples,Agricultural Products & Services,"Chicago, Illinois",1957-03-04,7084,1902,Chicago,Illinois,2665039.0
Adobe Inc.,Information Technology,Application Software,"San Jose, California",1997-05-05,796343,1982,San Jose,California,971233.0
ADP,Industrials,Human Resource & Employment Services,"Roseland, New Jersey",1981-03-31,8670,1949,Roseland,New Jersey,6173.0
AES Corporation,Utilities,Independent Power Producers & Energy Traders,"Arlington, Virginia",1998-10-02,874761,1981,Arlington,Virginia,234000.0
Aflac,Financials,Life & Health Insurance,"Columbus, Georgia",1999-05-28,4977,1955,Columbus,Georgia,202616.0
Agilent Technologies,Health Care,Health Care Equipment,"Santa Clara, California",2000-06-05,1090872,1999,Santa Clara,California,126930.0
Airbnb,Consumer Discretionary,"Hotels, Resorts & Cruise Lines","San Francisco, California",2023-09-18,1559720,2008,San Francisco,California,808437.0
Air Products and Chemicals,Materials,Industrial Gases,"Allentown, Pennsylvania",1985-04-30,2969,1940,Allentown,Pennsylvania,125094.0
Akamai,Information Technology,Internet Services & Infrastructure,"Cambridge, Massachusetts",2007-07-12,1086222,1998,Cambridge,Massachusetts,118488.0
Alaska Air Group,Industrials,Passenger Airlines,"SeaTac, Washington",2016-05-13,766421,1985,SeaTac,Washington,30525.0
Albemarle Corporation,Materials,Specialty Chemicals,"Charlotte, North Carolina",2016-07-01,915913,1994,Charlotte,North Carolina,897720.0
Alexandria Real Estate Equities,Real Estate,Office REITs,"Pasadena, California",2017-03-20,1035443,1994,Pasadena,California,134211.0
Align Technology,Health Care,Health Care Supplies,"Tempe, Arizona",2017-06-19,1097149,1997,Tempe,Arizona,185950.0
Alliant Energy,Utilities,Electric Utilities,"Madison, Wisconsin",2016-07-01,352541,1917,Madison,Wisconsin,272903.0
Allstate,Financials,Property & Casualty Insurance,"Northbrook, Illinois",1995-07-13,899051,1931,Northbrook,Illinois,34182.0
Alphabet Inc. (Class A),Communication Services,Interactive Media & Services,"Mountain View, California",2014-04-03,1652044,1998,Mountain View,California,81059.0
Alphabet Inc. (Class C),Communication Services,Interactive Media & Services,"Mountain View, California",2006-04-03,1652044,1998,Mountain View,California,81059.0
Altria,Consumer Staples,Tobacco,"Richmond, Virginia",1957-03-04,764180,1985,Richmond,Virginia,229395.0
Amazon,Consumer Discretionary,Broadline Retail,"Seattle, Washington",2005-11-18,1018724,1994,Seattle,Washington,749256.0
AMD,Information Technology,Semiconductors,"Santa Clara, California",2017-03-20,2488,1969,Santa Clara,California,126930.0
Ameren,Utilities,Multi-Utilities,"St. Louis, Missouri",1991-09-19,1002910,1902,Saint Louis,Missouri,286578.0
American Airlines Group,Industrials,Passenger Airlines,"Fort Worth, Texas",2015-03-23,6201,1934,Fort Worth,Texas,956709.0
American Electric Power,Utilities,Electric Utilities,"Columbus, Ohio",1957-03-04,4904,1906,Columbus,Ohio,907971.0
American Express,Financials,Consumer Finance,"New York City, New York",1976-06-30,4962,1850,New York,New York,8335897.0
American International Group,Financials,Property & Casualty Insurance,"New York City, New York",1980-03-31,5272,1919,New York,New York,8335897.0
American Tower,Real Estate,Telecom Tower REITs,"Boston, Massachusetts",2007-11-19,1053507,1995,Boston,Massachusetts,650706.0
American Water Works,Utilities,Water Utilities,"Camden, New Jersey",2016-03-04,1410636,1886,Camden,New Jersey,70996.0
Ameriprise Financial,Financials,Asset Management & Custody Banks,"Minneapolis, Minnesota",2005-10-03,820027,1894,Minneapolis,Minnesota,425096.0
Amgen,Health Care,Biotechnology,"Thousand Oaks, California",1992-01-02,318154,1980,Thousand Oaks,California,124265.0
Amphenol,Information Technology,Electronic Components,"Wallingford, Connecticut",2008-09-30,820313,1932,Wallingford,Connecticut,44017.0
Analog Devices,Information Technology,Semiconductors,"Wilmington, Massachusetts",1999-10-12,6281,1965,Wilmington,Massachusetts,22904.0
Ansys,Information Technology,Application Software,"Canonsburg, Pennsylvania",2017-06-19,1013462,1969,Canonsburg,Pennsylvania,9652.0
APA Corporation,Energy,Oil & Gas Exploration & Production,"Houston, Texas",1997-07-28,1841666,1954,Houston,Texas,2302878.0
Apple Inc.,Information Technology,"Technology Hardware, Storage & Peripherals","Cupertino, California",1982-11-30,320193,1977,Cupertino,California,57856.0
Applied Materials,Information Technology,Semiconductor Materials & Equipment,"Santa Clara, California",1995-03-16,6951,1967,Santa Clara,California,126930.0
Arista Networks,Information Technology,Communications Equipment,"Santa Clara, California",2018-08-28,1596532,2004,Santa Clara,California,126930.0
Arthur J. Gallagher & Co.,Financials,Insurance Brokers,"Rolling Meadows, Illinois",2016-05-31,354190,1927,Rolling Meadows,Illinois,23564.0
Assurant,Financials,Multi-line Insurance,"Atlanta, Georgia",2007-04-10,1267238,1892,Atlanta,Georgia,499127.0
AT&T,Communication Services,Integrated Telecommunication Services,"Dallas, Texas",1983-11-30,732717,1983 (1885),Dallas,Texas,1299544.0
Atmos Energy,Utilities,Gas Utilities,"Dallas, Texas",2019-02-15,731802,1906,Dallas,Texas,1299544.0
Autodesk,Information Technology,Application Software,"San Francisco, California",1989-12-01,769397,1982,San Francisco,California,808437.0
AutoZone,Consumer Discretionary,Automotive Retail,"Memphis, Tennessee",1997-01-02,866787,1979,Memphis,Tennessee,621056.0
AvalonBay Communities,Real Estate,Multi-Family Residential REITs,"Arlington, Virginia",2007-01-10,915912,1978,Arlington,Virginia,234000.0
Avery Dennison,Materials,Paper & Plastic Packaging Products & Materials,"Mentor, Ohio",1987-12-31,8818,1990,Mentor,Ohio,47044.0
Axon Enterprise,Industrials,Aerospace & Defense,"Scottsdale, Arizona",2023-05-04,1069183,1993,Scottsdale,Arizona,243050.0
Baker Hughes,Energy,Oil & Gas Equipment & Services,"Houston, Texas",2017-07-07,1701605,2017,Houston,Texas,2302878.0
Ball Corporation,Materials,"Metal, Glass & Plastic Containers","Broomfield, Colorado",1984-10-31,9389,1880,Broomfield,Colorado,76121.0
Bank of America,Financials,Diversified Banks,"Charlotte, North Carolina",1976-06-30,70858,1998 (1923 / 1874),Charlotte,North Carolina,897720.0
"Bath & Body Works, Inc.",Consumer Discretionary,Specialty Stores,"Columbus, Ohio",1983-09-30,701985,1963,Columbus,Ohio,907971.0
Baxter International,Health Care,Health Care Equipment,"Deerfield, Illinois",1972-09-30,10456,1931,Deerfield,Illinois,18950.0
Becton Dickinson,Health Care,Health Care Equipment,"Franklin Lakes, New Jersey",1972-09-30,10795,1897,Franklin Lakes,New Jersey,10936.0
Berkley,Financials,Property & Casualty Insurance,"Greenwich, Connecticut",2019-12-05,11544,1967,Greenwich,Connecticut,63638.0
Berkshire Hathaway,Financials,Multi-Sector Holdings,"Omaha, Nebraska",2010-02-16,1067983,1839,Omaha,Nebraska,485153.0
Best Buy,Consumer Discretionary,Computer & Electronics Retail,"Richfield, Minnesota",1999-06-29,764478,1966,Richfield,Minnesota,36710.0
Bio-Rad,Health Care,Life Sciences Tools & Services,"Hercules, California",2020-06-22,12208,1952,Hercules,California,25920.0
Bio-Techne,Health Care,Life Sciences Tools & Services,"Minneapolis, Minnesota",2021-08-30,842023,1976,Minneapolis,Minnesota,425096.0
Biogen,Health Care,Biotechnology,"Cambridge, Massachusetts",2003-11-13,875045,1978,Cambridge,Massachusetts,118488.0
BlackRock,Financials,Asset Management & Custody Banks,"New York City, New York",2011-04-04,1364742,1988,New York,New York,8335897.0
Blackstone,Financials,Asset Management & Custody Banks,"New York City, New York",2023-09-18,1393818,1985,New York,New York,8335897.0
BNY Mellon,Financials,Asset Management & Custody Banks,"New York City, New York",1995-03-31,1390777,1784,New York,New York,8335897.0
Boeing,Industrials,Aerospace & Defense,"Arlington, Virginia",1957-03-04,12927,1916,Arlington,Virginia,234000.0
Booking Holdings,Consumer Discretionary,"Hotels, Resorts & Cruise Lines","Norwalk, Connecticut",2009-11-06,1075531,1996,Norwalk,Connecticut,91401.0
BorgWarner,Consumer Discretionary,Automotive Parts & Equipment,"Auburn Hills, Michigan",2011-12-19,908255,1880,Auburn Hills,Michigan,25485.0
Boston Properties,Real Estate,Office REITs,"Boston, Massachusetts",2006-04-03,1037540,1970,Boston,Massachusetts,650706.0
Boston Scientific,Health Care,Health Care Equipment,"Marlborough, Massachusetts",1995-02-24,885725,1979,Marlborough,Massachusetts,40971.0
Bristol Myers Squibb,Health Care,Pharmaceuticals,"New York City, New York",1957-03-04,14272,1989 (1887),New York,New York,8335897.0
Broadcom Inc.,Information Technology,Semiconductors,"San Jose, California",2014-05-08,1730168,1961,San Jose,California,971233.0
Broadridge Financial Solutions,Industrials,Data Processing & Outsourced Services,"Lake Success, New York",2018-06-18,1383312,1962,Lake Success,New York,2807.0
Brown & Brown,Financials,Insurance Brokers,"Daytona Beach, Florida",2021-09-20,79282,1939,Daytona Beach,Florida,77958.0
Brown–Forman,Consumer Staples,Distillers & Vintners,"Louisville, Kentucky",1982-10-31,14693,1870,Louisville,Kentucky,624444.0
Bunge Limited,Consumer Staples,Agricultural Products & Services,"Chesterfield, Missouri",2023-03-15,1144519,1818,Chesterfield,Missouri,49327.0
C.H. Robinson,Industrials,Air Freight & Logistics,"Eden Prairie, Minnesota",2007-03-02,1043277,1905,Eden Prairie,Minnesota,62476.0
Cadence Design Systems,Information Technology,Application Software,"San Jose, California",2017-09-18,813672,1988,San Jose,California,971233.0
Caesars Entertainment,Consumer Discretionary,Casinos & Gaming,"Reno, Nevada",2021-03-22,1590895,1973,Reno,Nevada,273448.0
Camden Property Trust,Real Estate,Multi-Family Residential REITs,"Houston, Texas",2022-04-04,906345,1981,Houston,Texas,2302878.0
Campbell Soup Company,Consumer Staples,Packaged Foods & Meats,"Camden, New Jersey",1957-03-04,16732,1869,Camden,New Jersey,70996.0
Cardinal Health,Health Care,Health Care Distributors,"Dublin, Ohio",1997-05-27,721371,1971,Dublin,Ohio,48998.0
CarMax,Consumer Discretionary,Automotive Retail,"Richmond, Virginia",2010-06-28,1170010,1993,Richmond,Virginia,229395.0
Carnival,Consumer Discretionary,"Hotels, Resorts & Cruise Lines","Miami, Florida",1998-12-22,815097,1972,Miami,Florida,449514.0
Carrier Global,Industrials,Building Products,"Palm Beach Gardens, Florida",2020-04-03,1783180,"2020 (1915, United Technologies spinoff)",Palm Beach Gardens,Florida,60175.0
Catalent,Health Care,Pharmaceuticals,"Somerset, New Jersey",2020-09-21,1596783,2007,Somerset,New Jersey,346875.0
Caterpillar Inc.,Industrials,Construction Machinery & Heavy Transportation Equipment,"Irving, Texas",1957-03-04,18230,1925,Irving,Texas,254715.0
Cboe Global Markets,Financials,Financial Exchanges & Data,"Chicago, Illinois",2017-03-01,1374310,1973,Chicago,Illinois,2665039.0
CBRE Group,Real Estate,Real Estate Services,"Dallas, Texas",2006-11-10,1138118,1906,Dallas,Texas,1299544.0
CDW,Information Technology,Technology Distributors,"Lincolnshire, Illinois",2019-09-23,1402057,1984,Lincolnshire,Illinois,7922.0
Celanese,Materials,Specialty Chemicals,"Irving, Texas",2018-12-24,1306830,1918,Irving,Texas,254715.0
Cencora,Health Care,Health Care Distributors,"Conshohocken, Pennsylvania",2001-08-30,1140859,1985,Conshohocken,Pennsylvania,9255.0
Centene Corporation,Health Care,Managed Health Care,"St. Louis, Missouri",2016-03-30,1071739,1984,Saint Louis,Missouri,286578.0
CenterPoint Energy,Utilities,Multi-Utilities,"Houston, Texas",1985-07-31,1130310,1882,Houston,Texas,2302878.0
Ceridian,Industrials,Human Resource & Employment Services,"Minneapolis, Minnesota",2021-09-20,1725057,1992,Minneapolis,Minnesota,425096.0
CF Industries,Materials,Fertilizers & Agricultural Chemicals,"Deerfield, Illinois",2008-08-27,1324404,1946,Deerfield,Illinois,18950.0
Charles River Laboratories,Health Care,Life Sciences Tools & Services,"Wilmington, Massachusetts",2021-05-14,1100682,1947,Wilmington,Massachusetts,22904.0
Charles Schwab Corporation,Financials,Investment Banking & Brokerage,"Westlake, Texas",1997-06-02,316709,1971,Westlake,Texas,1783.0
Charter Communications,Communication Services,Cable & Satellite,"Stamford, Connecticut",2016-09-08,1091667,1993,Stamford,Connecticut,136188.0
Chevron Corporation,Energy,Integrated Oil & Gas,"San Ramon, California",1957-03-04,93410,1879,San Ramon,California,85953.0
Chipotle Mexican Grill,Consumer Discretionary,Restaurants,"Newport Beach, California",2011-04-28,1058090,1993,Newport Beach,California,83993.0
Church & Dwight,Consumer Staples,Household Products,"Ewing, New Jersey",2015-12-29,313927,1847,Ewing,New Jersey,34589.0
Cigna,Health Care,Managed Health Care,"Bloomfield, Connecticut",1976-06-30,1739940,1982,Bloomfield,Connecticut,21560.0
Cincinnati Financial,Financials,Property & Casualty Insurance,"Fairfield, Ohio",1997-12-18,20286,1950,Fairfield,Ohio,44456.0
Cintas,Industrials,Diversified Support Services,"Mason, Ohio",2001-03-01,723254,1929,Mason,Ohio,35520.0
Cisco,Information Technology,Communications Equipment,"San Jose, California",1993-12-01,858877,1984,San Jose,California,971233.0
Citigroup,Financials,Diversified Banks,"New York City, New York",1988-05-31,831001,1998,New York,New York,8335897.0
Citizens Financial Group,Financials,Regional Banks,"Providence, Rhode Island",2016-01-29,759944,1828,Providence,Rhode Island,189563.0
Clorox,Consumer Staples,Household Products,"Oakland, California",1969-03-31,21076,1913,Oakland,California,430553.0
CME Group,Financials,Financial Exchanges & Data,"Chicago, Illinois",2006-08-11,1156375,1848,Chicago,Illinois,2665039.0
CMS Energy,Utilities,Multi-Utilities,"Jackson, Michigan",1957-03-04,811156,1886,Jackson,Michigan,31031.0
Coca-Cola Company (The),Consumer Staples,Soft Drinks & Non-alcoholic Beverages,"Atlanta, Georgia",1957-03-04,21344,1886,Atlanta,Georgia,499127.0
Cognizant,Information Technology,IT Consulting & Other Services,"Teaneck, New Jersey",2006-11-17,1058290,1994,Teaneck,New Jersey,41631.0
Colgate-Palmolive,Consumer Staples,Household Products,"New York City, New York",1957-03-04,21665,1806,New York,New York,8335897.0
Comcast,Communication Services,Cable & Satellite,"Philadelphia, Pennsylvania",2002-11-19,1166691,1963,Philadelphia,Pennsylvania,1567258.0
Comerica,Financials,Diversified Banks,"Dallas, Texas",1995-12-01,28412,1849,Dallas,Texas,1299544.0
Conagra Brands,Consumer Staples,Packaged Foods & Meats,"Chicago, Illinois",1983-08-31,23217,1919,Chicago,Illinois,2665039.0
ConocoPhillips,Energy,Oil & Gas Exploration & Production,"Houston, Texas",1957-03-04,1163165,2002,Houston,Texas,2302878.0
Consolidated Edison,Utilities,Electric Utilities,"New York City, New York",1957-03-04,1047862,1823,New York,New York,8335897.0
Constellation Brands,Consumer Staples,Distillers & Vintners,"Victor, New York",2005-07-01,16918,1945,Victor,New York,2698.0
Constellation Energy,Utilities,Multi-Utilities,"Baltimore, Maryland",2022-02-02,1868275,1999,Baltimore,Maryland,569931.0
CooperCompanies,Health Care,Health Care Supplies,"San Ramon, California",2016-09-23,711404,1958,San Ramon,California,85953.0
Copart,Industrials,Diversified Support Services,"Dallas, Texas",2018-07-02,900075,1982,Dallas,Texas,1299544.0
Corning Inc.,Information Technology,Electronic Components,"Corning, New York",1995-02-27,24741,1851,Corning,New York,10683.0
CoStar Group,Real Estate,Real Estate Services,"Washington, D.C.",2022-09-19,1057352,1987,Washington,District of Columbia,671803.0
Costco,Consumer Staples,Consumer Staples Merchandise Retail,"Issaquah, Washington",1993-10-01,909832,1976,Issaquah,Washington,39344.0
Coterra,Energy,Oil & Gas Exploration & Production,"Houston, Texas",2008-06-23,858470,2021 (1989),Houston,Texas,2302878.0
Crown Castle,Real Estate,Telecom Tower REITs,"Houston, Texas",2012-03-14,1051470,1994,Houston,Texas,2302878.0
CSX,Industrials,Rail Transportation,"Jacksonville, Florida",1957-03-04,277948,1980,Jacksonville,Florida,971319.0
Cummins,Industrials,Industrial Machinery & Supplies & Components,"Columbus, Indiana",1965-03-31,26172,1919,Columbus,Indiana,51268.0
CVS Health,Health Care,Health Care Services,"Woonsocket, Rhode Island",1957-03-04,64803,1996,Woonsocket,Rhode Island,42942.0
D.R. Horton,Consumer Discretionary,Homebuilding,"Arlington, Texas",2005-06-22,882184,1978,Arlington,Texas,394602.0
Danaher Corporation,Health Care,Health Care Equipment,"Washington, D.C.",1998-11-18,313616,1969,Washington,District of Columbia,671803.0
Darden Restaurants,Consumer Discretionary,Restaurants,"Orlando, Florida",1995-05-31,940944,1938,Orlando,Florida,316081.0
DaVita Inc.,Health Care,Health Care Facilities,"Denver, Colorado",2008-07-31,927066,1979,Denver,Colorado,713252.0
John Deere,Industrials,Agricultural & Farm Machinery,"Moline, Illinois",1957-03-04,315189,1837,Moline,Illinois,42028.0
Delta Air Lines,Industrials,Passenger Airlines,"Atlanta, Georgia",2013-09-11,27904,1929,Atlanta,Georgia,499127.0
Dentsply Sirona,Health Care,Health Care Supplies,"Charlotte, North Carolina",2008-11-14,818479,2016 (1969),Charlotte,North Carolina,897720.0
Devon Energy,Energy,Oil & Gas Exploration & Production,"Oklahoma City, Oklahoma",2000-08-30,1090012,1971,Oklahoma,Oklahoma,694800.0
Dexcom,Health Care,Health Care Equipment,"San Diego, California",2020-05-12,1093557,1999,San Diego,California,1381162.0
Diamondback Energy,Energy,Oil & Gas Exploration & Production,"Midland, Texas",2018-12-03,1539838,2007,Midland,Texas,134444.0
Digital Realty,Real Estate,Data Center REITs,"Austin, Texas",2016-05-18,1297996,2004,Austin,Texas,974447.0
Discover Financial,Financials,Consumer Finance,"Riverwoods, Illinois",2007-07-02,1393612,1985,Riverwoods,Illinois,3746.0
Disney,Communication Services,Movies & Entertainment,"Burbank, California",1976-06-30,1744489,1923,Burbank,California,103920.0
Dollar General,Consumer Staples,Consumer Staples Merchandise Retail,"Goodlettsville, Tennessee",2012-12-03,29534,1939,Goodlettsville,Tennessee,17183.0
Dollar Tree,Consumer Staples,Consumer Staples Merchandise Retail,"Chesapeake, Virginia",2011-12-19,935703,1986,Chesapeake,Virginia,252488.0
Dominion Energy,Utilities,Electric Utilities,"Richmond, Virginia",,715957,1983,Richmond,Virginia,229395.0
Domino's,Consumer Discretionary,Restaurants,"Ann Arbor, Michigan",2020-05-12,1286681,1960,Ann Arbor,Michigan,119875.0
Dover Corporation,Industrials,Industrial Machinery & Supplies & Components,"Downers Grove, Illinois",1985-10-31,29905,1955,Downers Grove,Illinois,49354.0
Dow Inc.,Materials,Commodity Chemicals,"Midland, Michigan",2019-04-01,1751788,2019 (1897),Midland,Michigan,42512.0
DTE Energy,Utilities,Multi-Utilities,"Detroit, Michigan",1957-03-04,936340,1995,Detroit,Michigan,620376.0
Duke Energy,Utilities,Electric Utilities,"Charlotte, North Carolina",1976-06-30,1326160,1904,Charlotte,North Carolina,897720.0
DuPont,Materials,Specialty Chemicals,"Wilmington, Delaware",2019-04-02,1666700,2017 (1802),Wilmington,Delaware,71569.0
Eastman Chemical Company,Materials,Diversified Chemicals,"Kingsport, Tennessee",1994-01-01,915389,1920,Kingsport,Tennessee,56150.0
eBay,Consumer Discretionary,Broadline Retail,"San Jose, California",2002-07-22,1065088,1995,San Jose,California,971233.0
Ecolab,Materials,Specialty Chemicals,"Saint Paul, Minnesota",1989-01-31,31462,1923,Saint Paul,Minnesota,303176.0
Edison International,Utilities,Electric Utilities,"Rosemead, California",1957-03-04,827052,1886,Rosemead,California,49791.0
Edwards Lifesciences,Health Care,Health Care Equipment,"Irvine, California",2011-04-01,1099800,1958,Irvine,California,313685.0
Electronic Arts,Communication Services,Interactive Home Entertainment,"Redwood City, California",2002-07-22,712515,1982,Redwood,California,80512.0
Emerson Electric,Industrials,Electrical Components & Equipment,"Ferguson, Missouri",1965-03-31,32604,1890,Ferguson,Missouri,18143.0
Enphase,Information Technology,Electronic Components,"Fremont, California",2021-01-07,1463101,2006,Fremont,California,223871.0
Entergy,Utilities,Electric Utilities,"New Orleans, Louisiana",1957-03-04,65984,1913,New Orleans,Louisiana,369749.0
EOG Resources,Energy,Oil & Gas Exploration & Production,"Houston, Texas",2000-11-02,821189,1999,Houston,Texas,2302878.0
EPAM Systems,Information Technology,IT Consulting & Other Services,"Newtown, Pennsylvania",2021-12-14,1352010,1993,Newtown,Pennsylvania,2262.0
EQT,Energy,Oil & Gas Exploration & Production,"Pittsburgh, Pennsylvania",2022-10-03,33213,1888,Pittsburgh,Pennsylvania,302898.0
Equifax,Industrials,Research & Consulting Services,"Atlanta, Georgia",1997-06-19,33185,1899,Atlanta,Georgia,499127.0
Equinix,Real Estate,Data Center REITs,"Redwood City, California",2015-03-20,1101239,1998,Redwood,California,80512.0
Equity Residential,Real Estate,Multi-Family Residential REITs,"Chicago, Illinois",2001-12-03,906107,1969,Chicago,Illinois,2665039.0
Essex Property Trust,Real Estate,Multi-Family Residential REITs,"San Mateo, California",2014-04-02,920522,1971,San Mateo,California,100984.0
Estée Lauder Companies (The),Consumer Staples,Personal Care Products,"New York City, New York",2006-01-05,1001250,1946,New York,New York,8335897.0
Etsy,Consumer Discretionary,Broadline Retail,"New York City, New York",2020-09-21,1370637,2005,New York,New York,8335897.0
Evergy,Utilities,Electric Utilities,"Kansas City, Missouri",2018-06-05,1711269,1909,Kansas,Missouri,509297.0
Eversource,Utilities,Multi-Utilities,"Hartford, Connecticut",2009,72741,1966,Hartford,Connecticut,120686.0
Exelon,Utilities,Multi-Utilities,"Chicago, Illinois",1957-03-04,1109357,2000,Chicago,Illinois,2665039.0
Expedia Group,Consumer Discretionary,"Hotels, Resorts & Cruise Lines","Seattle, Washington",2007-10-02,1324424,1996,Seattle,Washington,749256.0
Expeditors International,Industrials,Air Freight & Logistics,"Seattle, Washington",2007-10-10,746515,1979,Seattle,Washington,749256.0
Extra Space Storage,Real Estate,Self-Storage REITs,"Salt Lake City, Utah",2016-01-19,1289490,1977,Salt Lake,Utah,204657.0
ExxonMobil,Energy,Integrated Oil & Gas,"Irving, Texas",1957-03-04,34088,1999,Irving,Texas,254715.0
"F5, Inc.",Information Technology,Communications Equipment,"Seattle, Washington",2010-12-20,1048695,1996,Seattle,Washington,749256.0
FactSet,Financials,Financial Exchanges & Data,"Norwalk, Connecticut",2021-12-20,1013237,1978,Norwalk,Connecticut,91401.0
Fair Isaac,Information Technology,Application Software,"Bozeman, Montana",2023-03-20,814547,1956,Bozeman,Montana,56123.0
Fastenal,Industrials,Building Products,"Winona, Minnesota",2008-09-15,815556,1967,Winona,Minnesota,25842.0
Federal Realty,Real Estate,Retail REITs,"Rockville, Maryland",2016-02-01,34903,1962,Rockville,Maryland,66924.0
FedEx,Industrials,Air Freight & Logistics,"Memphis, Tennessee",1980-12-31,1048911,1971,Memphis,Tennessee,621056.0
Fifth Third Bank,Financials,Regional Banks,"Cincinnati, Ohio",1996-03-29,35527,1858,Cincinnati,Ohio,309513.0
First Solar,Information Technology,Semiconductors,"Tempe, Arizona",2022-12-19,1274494,1999,Tempe,Arizona,185950.0
FirstEnergy,Utilities,Electric Utilities,"Akron, Ohio",1997-11-28,1031296,1997,Akron,Ohio,188509.0
FIS,Financials,Transaction & Payment Processing Services,"Jacksonville, Florida",2006-11-10,1136893,1968,Jacksonville,Florida,971319.0
Fiserv,Financials,Transaction & Payment Processing Services,"Brookfield, Wisconsin",2001-04-02,798354,1984,Brookfield,Wisconsin,41958.0
Fleetcor,Financials,Transaction & Payment Processing Services,"Atlanta, Georgia",2018-06-20,1175454,2000,Atlanta,Georgia,499127.0
FMC Corporation,Materials,Fertilizers & Agricultural Chemicals,"Philadelphia, Pennsylvania",2009-08-19,37785,1883,Philadelphia,Pennsylvania,1567258.0
Ford Motor Company,Consumer Discretionary,Automobile Manufacturers,"Dearborn, Michigan",1957-03-04,37996,1903,Dearborn,Michigan,107710.0
Fortinet,Information Technology,Systems Software,"Sunnyvale, California",2018-10-11,1262039,2000,Sunnyvale,California,153091.0
Fortive,Industrials,Industrial Machinery & Supplies & Components,"Everett, Washington",2016-07-01,1659166,2016,Everett,Washington,111337.0
Fox Corporation (Class A),Communication Services,Movies & Entertainment,"New York City, New York",2013-07-01,1754301,2019,New York,New York,8335897.0
Fox Corporation (Class B),Communication Services,Movies & Entertainment,"New York City, New York",2015-09-18,1754301,2019,New York,New York,8335897.0
Franklin Templeton,Financials,Asset Management & Custody Banks,"San Mateo, California",1998-04-30,38777,1947,San Mateo,California,100984.0
Freeport-McMoRan,Materials,Copper,"Phoenix, Arizona",,831259,1912,Phoenix,Arizona,1644409.0
Gartner,Information Technology,IT Consulting & Other Services,"Stamford, Connecticut",2017-04-05,749251,1979,Stamford,Connecticut,136188.0
GE HealthCare,Health Care,Health Care Technology,"Chicago, Illinois",2023-01-04,1932393,1994,Chicago,Illinois,2665039.0
Gen Digital,Information Technology,Application Software,"Tempe, Arizona",2003-03-25,849399,1982,Tempe,Arizona,185950.0
Generac,Industrials,Electrical Components & Equipment,"Waukesha, Wisconsin",2021-03-22,1474735,1959,Waukesha,Wisconsin,70454.0
Generac,Industrials,Electrical Components & Equipment,"Waukesha, Wisconsin",2021-03-22,1474735,1959,Waukesha,Wisconsin,8485.0
General Dynamics,Industrials,Aerospace & Defense,"Falls Church, Virginia",1957-03-04,40533,1899,Falls Church,Virginia,14586.0
General Electric,Industrials,Industrial Conglomerates,"Boston, Massachusetts",1957-03-04,40545,1892,Boston,Massachusetts,650706.0
General Mills,Consumer Staples,Packaged Foods & Meats,"Golden Valley, Minnesota",1957-03-04,40704,1856,Golden Valley,Minnesota,21545.0
General Motors,Consumer Discretionary,Automobile Manufacturers,"Detroit, Michigan",2013-06-06,1467858,1908,Detroit,Michigan,620376.0
Genuine Parts Company,Consumer Discretionary,Automotive Parts & Equipment,"Atlanta, Georgia",1973-12-31,40987,1925,Atlanta,Georgia,499127.0
Gilead Sciences,Health Care,Biotechnology,"Foster City, California",2004-07-01,882095,1987,Foster,California,32026.0
Globe Life,Financials,Life & Health Insurance,"McKinney, Texas",1989-04-30,320335,1900,McKinney,Texas,207507.0
Global Payments,Financials,Transaction & Payment Processing Services,"Atlanta, Georgia",2016-04-25,1123360,2000,Atlanta,Georgia,499127.0
Goldman Sachs,Financials,Investment Banking & Brokerage,"New York City, New York",2002-07-22,886982,1869,New York,New York,8335897.0
Halliburton,Energy,Oil & Gas Equipment & Services,"Houston, Texas",1957-03-04,45012,1919,Houston,Texas,2302878.0
Hartford (The),Financials,Property & Casualty Insurance,"Hartford, Connecticut",1957-03-04,874766,1810,Hartford,Connecticut,120686.0
Hasbro,Consumer Discretionary,Leisure Products,"Pawtucket, Rhode Island",1984-09-30,46080,1923,Pawtucket,Rhode Island,75066.0
HCA Healthcare,Health Care,Health Care Facilities,"Nashville, Tennessee",2015-01-27,860730,1968,Nashville,Tennessee,683622.0
Healthpeak,Real Estate,Health Care REITs,"Long Beach, California",2008-03-31,765880,1985,Long Beach,California,451307.0
Hess Corporation,Energy,Integrated Oil & Gas,"New York City, New York",1984-05-31,4447,1919,New York,New York,8335897.0
Hewlett Packard Enterprise,Information Technology,"Technology Hardware, Storage & Peripherals","Houston, Texas",2015-11-02,1645590,2015,Houston,Texas,2302878.0
Hologic,Health Care,Health Care Equipment,"Marlborough, Massachusetts",2016-03-30,859737,1985,Marlborough,Massachusetts,40971.0
Home Depot (The),Consumer Discretionary,Home Improvement Retail,"Atlanta, Georgia",1988-03-31,354950,1978,Atlanta,Georgia,499127.0
Honeywell,Industrials,Industrial Conglomerates,"Charlotte, North Carolina",1957-03-04,773840,1906,Charlotte,North Carolina,897720.0
Hormel Foods,Consumer Staples,Packaged Foods & Meats,"Austin, Minnesota",2009-03-04,48465,1891,Austin,Minnesota,26208.0
Howmet Aerospace,Industrials,Aerospace & Defense,"Pittsburgh, Pennsylvania",1957-03-04,4281,2016,Pittsburgh,Pennsylvania,302898.0
HP Inc.,Information Technology,"Technology Hardware, Storage & Peripherals","Palo Alto, California",1974-12-31,47217,1939 (2015),Palo Alto,California,66010.0
Hubbell Incorporated,Industrials,Industrial Machinery,"Shelton, Connecticut",2023-10-18,48898,1888,Shelton,Connecticut,41897.0
Humana,Health Care,Managed Health Care,"Louisville, Kentucky",,49071,1961,Louisville,Kentucky,624444.0
Huntington Ingalls Industries,Industrials,Aerospace & Defense,"Newport News, Virginia",2018-01-03,1501585,2011,Newport News,Virginia,184306.0
IDEX Corporation,Industrials,Industrial Machinery & Supplies & Components,"Lake Forest, Illinois",2019-08-09,832101,1988,Lake Forest,Illinois,19252.0
Idexx Laboratories,Health Care,Health Care Equipment,"Westbrook, Maine",2017-01-05,874716,1983,Westbrook,Maine,20645.0
Illinois Tool Works,Industrials,Industrial Machinery & Supplies & Components,"Glenview, Illinois",1986-02-28,49826,1912,Glenview,Illinois,47258.0
Illumina,Health Care,Life Sciences Tools & Services,"San Diego, California",2015-11-19,1110803,1998,San Diego,California,1381162.0
Incyte,Health Care,Biotechnology,"Wilmington, Delaware",2017-02-28,879169,1991,Wilmington,Delaware,71569.0
Ingersoll Rand,Industrials,Industrial Machinery & Supplies & Components,"Davidson, North Carolina",2020-03-03,1699150,1859,Davidson,North Carolina,15771.0
Insulet,Health Care,Health Care Equipment,"Acton, Massachusetts",2023-03-15,1145197,2000,Acton,Massachusetts,23829.0
Intel,Information Technology,Semiconductors,"Santa Clara, California",1976-12-31,50863,1968,Santa Clara,California,126930.0
Intercontinental Exchange,Financials,Financial Exchanges & Data,"Atlanta, Georgia",2007-09-26,1571949,2000,Atlanta,Georgia,499127.0
International Flavors & Fragrances,Materials,Specialty Chemicals,"New York City, New York",1976-03-31,51253,1958 (1889),New York,New York,8335897.0
International Paper,Materials,Paper & Plastic Packaging Products & Materials,"Memphis, Tennessee",1957-03-04,51434,1898,Memphis,Tennessee,621056.0
Interpublic Group of Companies (The),Communication Services,Advertising,"New York City, New York",1992-10-01,51644,1961 (1930),New York,New York,8335897.0
Intuit,Information Technology,Application Software,"Mountain View, California",2000-12-05,896878,1983,Mountain View,California,81059.0
Intuitive Surgical,Health Care,Health Care Equipment,"Sunnyvale, California",2008-06-02,1035267,1995,Sunnyvale,California,153091.0
Invesco,Financials,Asset Management & Custody Banks,"Atlanta, Georgia",2008-08-21,914208,1935,Atlanta,Georgia,499127.0
Invitation Homes,Real Estate,Single-Family Residential REITs,"Dallas, Texas",2022-09-19,1687229,2012,Dallas,Texas,1299544.0
IQVIA,Health Care,Life Sciences Tools & Services,"Durham, North Carolina",2017-08-29,1478242,1982,Durham,North Carolina,291928.0
Iron Mountain,Real Estate,Other Specialized REITs,"Boston, Massachusetts",2009-01-06,1020569,1951,Boston,Massachusetts,650706.0
J.B. Hunt,Industrials,Cargo Ground Transportation,"Lowell, Arkansas",2015-07-01,728535,1961,Lowell,Arkansas,11050.0
Jack Henry & Associates,Financials,Transaction & Payment Processing Services,"Monett, Missouri",2018-11-13,779152,1976,Monett,Missouri,9789.0
Jacobs Solutions,Industrials,Construction & Engineering,"Dallas, Texas",2007-10-26,52988,1947,Dallas,Texas,1299544.0
Johnson & Johnson,Health Care,Pharmaceuticals,"New Brunswick, New Jersey",1973-06-30,200406,1886,New Brunswick,New Jersey,55998.0
JPMorgan Chase,Financials,Diversified Banks,"New York City, New York",1975-06-30,19617,2000 (1799 / 1871),New York,New York,8335897.0
Juniper Networks,Information Technology,Communications Equipment,"Sunnyvale, California",2006-06-02,1043604,1996,Sunnyvale,California,153091.0
Kellanova,Consumer Staples,Packaged Foods & Meats,"Chicago, Illinois",1989-09-11,55067,1906,Chicago,Illinois,2665039.0
Keurig Dr Pepper,Consumer Staples,Soft Drinks & Non-alcoholic Beverages,"Burlington, Massachusetts",2022-06-21,1418135,1981,Burlington,Massachusetts,25966.0
KeyCorp,Financials,Regional Banks,"Cleveland, Ohio",1994-03-01,91576,1825,Cleveland,Ohio,361607.0
Keysight,Information Technology,Electronic Equipment & Instruments,"Santa Rosa, California",2018-11-06,1601046,2014 (1939),Santa Rosa,California,177181.0
Kimberly-Clark,Consumer Staples,Household Products,"Irving, Texas",1957-03-04,55785,1872,Irving,Texas,254715.0
Kimco Realty,Real Estate,Retail REITs,"New Hyde Park, New York",2006-04-04,879101,1958,New Hyde Park,New York,10161.0
Kinder Morgan,Energy,Oil & Gas Storage & Transportation,"Houston, Texas",2012-05-25,1506307,1997,Houston,Texas,2302878.0
KLA Corporation,Information Technology,Semiconductor Materials & Equipment,"Milpitas, California",1997-09-30,319201,1975/1977 (1997),Milpitas,California,77738.0
Kroger,Consumer Staples,Food Retail,"Cincinnati, Ohio",1957-03-04,56873,1883,Cincinnati,Ohio,309513.0
L3Harris,Industrials,Aerospace & Defense,"Melbourne, Florida",2008-09-22,202058,"2019 (L3 1997, Harris 1895)",Melbourne,Florida,86441.0
LabCorp,Health Care,Health Care Services,"Burlington, North Carolina",2004-11-01,920148,1978,Burlington,North Carolina,59287.0
Lam Research,Information Technology,Semiconductor Materials & Equipment,"Fremont, California",2012-06-29,707549,1980,Fremont,California,223871.0
Lamb Weston,Consumer Staples,Packaged Foods & Meats,"Eagle, Idaho",2018-12-03,1679273,2016 (1950),Eagle,Idaho,32399.0
Las Vegas Sands,Consumer Discretionary,Casinos & Gaming,"Las Vegas, Nevada",2019-10-03,1300514,1988,Las Vegas,Nevada,656274.0
Lennar,Consumer Discretionary,Homebuilding,"Miami, Florida",2005-10-04,920760,1954,Miami,Florida,449514.0
Live Nation Entertainment,Communication Services,Movies & Entertainment,"Beverly Hills, California",2019-12-23,1335258,2010,Beverly Hills,California,31326.0
LKQ Corporation,Consumer Discretionary,Distributors,"Chicago, Illinois",2016-05-23,1065696,1998,Chicago,Illinois,2665039.0
Loews Corporation,Financials,Multi-line Insurance,"New York City, New York",1995-05-31,60086,1959,New York,New York,8335897.0
Lowe's,Consumer Discretionary,Home Improvement Retail,"Mooresville, North Carolina",1984-02-29,60667,1904/1946/1959,Mooresville,North Carolina,52656.0
M&T Bank,Financials,Regional Banks,"Buffalo, New York",2004-02-23,36270,1856,Buffalo,New York,276486.0
Marathon Oil,Energy,Oil & Gas Exploration & Production,"Houston, Texas",1957-03-04,101778,1887,Houston,Texas,2302878.0
Marathon Petroleum,Energy,Oil & Gas Refining & Marketing,"Findlay, Ohio",2011-07-01,1510295,2009 (1887),Findlay,Ohio,40249.0
MarketAxess,Financials,Financial Exchanges & Data,"New York City, New York",2019-07-01,1278021,2000,New York,New York,8335897.0
Marsh McLennan,Financials,Insurance Brokers,"New York City, New York",1987-08-31,62709,1905,New York,New York,8335897.0
Martin Marietta Materials,Materials,Construction Materials,"Raleigh, North Carolina",2014-07-02,916076,1993,Raleigh,North Carolina,476587.0
Masco,Industrials,Building Products,"Livonia, Michigan",1981-06-30,62996,1929,Livonia,Michigan,93779.0
Mastercard,Financials,Transaction & Payment Processing Services,"Harrison, New York",2008-07-18,1141391,1966,Harrison,New York,29369.0
Match Group,Communication Services,Interactive Media & Services,"Dallas, Texas",2021-09-20,891103,1986,Dallas,Texas,1299544.0
McDonald's,Consumer Discretionary,Restaurants,"Chicago, Illinois",1970-06-30,63908,1940,Chicago,Illinois,2665039.0
McKesson,Health Care,Health Care Distributors,"Irving, Texas",1999-01-13,927653,1833,Irving,Texas,254715.0
Merck & Co.,Health Care,Pharmaceuticals,"Kenilworth, New Jersey",1957-03-04,310158,1891,Kenilworth,New Jersey,8277.0
Meta Platforms,Communication Services,Interactive Media & Services,"Menlo Park, California",2013-12-23,1326801,2004,Menlo Park,California,32295.0
MetLife,Financials,Life & Health Insurance,"New York City, New York",2000-12-11,1099219,1868,New York,New York,8335897.0
Mettler Toledo,Health Care,Life Sciences Tools & Services,"Columbus, Ohio",2016-09-06,1037646,1945,Columbus,Ohio,907971.0
Microchip Technology,Information Technology,Semiconductors,"Chandler, Arizona",2007-09-07,827054,1989,Chandler,Arizona,280711.0
Micron Technology,Information Technology,Semiconductors,"Boise, Idaho",1994-09-27,723125,1978,Boise,Idaho,236634.0
Microsoft,Information Technology,Systems Software,"Redmond, Washington",1994-06-01,789019,1975,Redmond,Washington,76732.0
Mid-America Apartment Communities,Real Estate,Multi-Family Residential REITs,"Memphis, Tennessee",2016-12-02,912595,1977,Memphis,Tennessee,621056.0
Moderna,Health Care,Biotechnology,"Cambridge, Massachusetts",2021-07-21,1682852,2010,Cambridge,Massachusetts,118488.0
Mohawk Industries,Consumer Discretionary,Home Furnishings,"Calhoun, Georgia",2013-12-23,851968,1878,Calhoun,Georgia,17976.0
Molina Healthcare,Health Care,Managed Health Care,"Long Beach, California",2022-03-02,1179929,1980,Long Beach,California,451307.0
Molson Coors Beverage Company,Consumer Staples,Brewers,"Chicago, Illinois",1976-06-30,24545,"2005 (Molson 1786, Coors 1873)",Chicago,Illinois,2665039.0
Mondelez International,Consumer Staples,Packaged Foods & Meats,"Chicago, Illinois",2012-10-02,1103982,2012,Chicago,Illinois,2665039.0
Monolithic Power Systems,Information Technology,Semiconductors,"Kirkland, Washington",2021-02-12,1280452,1997,Kirkland,Washington,92151.0
Monster Beverage,Consumer Staples,Soft Drinks & Non-alcoholic Beverages,"Corona, California",2012-06-28,865752,2012 (1935),Corona,California,159567.0
Moody's Corporation,Financials,Financial Exchanges & Data,"New York City, New York",1998-07-01,1059556,1909,New York,New York,8335897.0
Morgan Stanley,Financials,Investment Banking & Brokerage,"New York City, New York",1993-07-29,895421,1935,New York,New York,8335897.0
Mosaic Company (The),Materials,Fertilizers & Agricultural Chemicals,"Tampa, Florida",2011-09-26,1285785,2004 (1865 / 1909),Tampa,Florida,398173.0
Motorola Solutions,Information Technology,Communications Equipment,"Chicago, Illinois",1957-03-04,68505,1928 (2011),Chicago,Illinois,2665039.0
MSCI,Financials,Financial Exchanges & Data,"New York City, New York",2018-04-04,1408198,1969,New York,New York,8335897.0
"Nasdaq, Inc.",Financials,Financial Exchanges & Data,"New York City, New York",2008-10-22,1120193,1971,New York,New York,8335897.0
NetApp,Information Technology,"Technology Hardware, Storage & Peripherals","San Jose, California",1999-06-25,1002047,1992,San Jose,California,971233.0
Netflix,Communication Services,Movies & Entertainment,"Los Gatos, California",2010-12-20,1065280,1997,Los Gatos,California,32402.0
Newmont,Materials,Gold,"Denver, Colorado",1969-06-30,1164727,1921,Denver,Colorado,713252.0
News Corp (Class A),Communication Services,Publishing,"New York City, New York",2013-08-01,1564708,2013 (News Corporation 1980),New York,New York,8335897.0
News Corp (Class B),Communication Services,Publishing,"New York City, New York",2015-09-18,1564708,2013 (News Corporation 1980),New York,New York,8335897.0
NextEra Energy,Utilities,Multi-Utilities,"Juno Beach, Florida",1976-06-30,753308,1984 (1925),Juno Beach,Florida,3861.0
"Nike, Inc.",Consumer Discretionary,"Apparel, Accessories & Luxury Goods","Washington County, Oregon",1988-11-30,320187,1964,Washington,Oregon,600176.0
NiSource,Utilities,Multi-Utilities,"Merrillville, Indiana",2000-11-02,1111711,1912,Merrillville,Indiana,36233.0
Nordson Corporation,Industrials,Industrial Machinery & Supplies & Components,"Westlake, Ohio",2022-02-15,72331,1935,Westlake,Ohio,33907.0
Norfolk Southern Railway,Industrials,Rail Transportation,"Atlanta, Georgia",1957-03-04,702165,1881/1894 (1980),Atlanta,Georgia,499127.0
Northern Trust,Financials,Asset Management & Custody Banks,"Chicago, Illinois",1998-01-30,73124,1889,Chicago,Illinois,2665039.0
Norwegian Cruise Line Holdings,Consumer Discretionary,"Hotels, Resorts & Cruise Lines","Miami, Florida",2017-10-13,1513761,2011 (1966),Miami,Florida,449514.0
NRG Energy,Utilities,Independent Power Producers & Energy Traders,"Houston, Texas",2010-01-29,1013871,1992,Houston,Texas,2302878.0
Nucor,Materials,Steel,"Charlotte, North Carolina",1985-04-30,73309,1940,Charlotte,North Carolina,897720.0
Nvidia,Information Technology,Semiconductors,"Santa Clara, California",2001-11-30,1045810,1993,Santa Clara,California,126930.0
O'Reilly Auto Parts,Consumer Discretionary,Automotive Retail,"Springfield, Missouri",2009-03-27,898173,1957,Springfield,Missouri,170067.0
Occidental Petroleum,Energy,Oil & Gas Exploration & Production,"Houston, Texas",1957-03-04,797468,1920,Houston,Texas,2302878.0
Old Dominion,Industrials,Cargo Ground Transportation,"Thomasville, North Carolina",2019-12-09,878927,1934,Thomasville,North Carolina,27399.0
Omnicom Group,Communication Services,Advertising,"New York City, New York",1997-12-31,29989,1986,New York,New York,8335897.0
ON Semiconductor,Information Technology,Semiconductors,"Phoenix, Arizona",2022-06-21,1097864,1999,Phoenix,Arizona,1644409.0
ONEOK,Energy,Oil & Gas Storage & Transportation,"Tulsa, Oklahoma",2010-03-15,1039684,1906,Tulsa,Oklahoma,411867.0
Oracle Corporation,Information Technology,Application Software,"Austin, Texas",1989-08-31,1341439,1977,Austin,Texas,974447.0
Otis Worldwide,Industrials,Industrial Machinery & Supplies & Components,"Farmington, Connecticut",2020-04-03,1781335,"2020 (1853, United Technologies spinoff)",Farmington,Connecticut,26728.0
Paccar,Industrials,Construction Machinery & Heavy Transportation Equipment,"Bellevue, Washington",1980-12-31,75362,1905,Bellevue,Washington,152767.0
Packaging Corporation of America,Materials,Paper & Plastic Packaging Products & Materials,"Lake Forest, Illinois",2017-07-26,75677,1959,Lake Forest,Illinois,19252.0
Palo Alto Networks,Information Technology,Systems Software,"Santa Clara, California",2023-06-20,1327567,2005,Santa Clara,California,126930.0
Paramount Global,Communication Services,Movies & Entertainment,"New York City, New York",1994-09-30,813828,2019 (Paramount Pictures 1912),New York,New York,8335897.0
Parker Hannifin,Industrials,Industrial Machinery & Supplies & Components,"Cleveland, Ohio",1985-11-30,76334,1917,Cleveland,Ohio,361607.0
Paychex,Industrials,Human Resource & Employment Services,"Penfield, New York",1998-10-01,723531,1971,Penfield,New York,38872.0
Paycom,Industrials,Human Resource & Employment Services,"Oklahoma City, Oklahoma",2020-01-28,1590955,1998,Oklahoma,Oklahoma,694800.0
PayPal,Financials,Transaction & Payment Processing Services,"San Jose, California",2015-07-20,1633917,1998,San Jose,California,971233.0
Pfizer,Health Care,Pharmaceuticals,"New York City, New York",1957-03-04,78003,1849,New York,New York,8335897.0
PG&E Corporation,Utilities,Multi-Utilities,"San Francisco, California",2022-10-03,1004980,1905,San Francisco,California,808437.0
Philip Morris International,Consumer Staples,Tobacco,"New York City, New York",2008-03-31,1413329,2008 (1847),New York,New York,8335897.0
Phillips 66,Energy,Oil & Gas Refining & Marketing,"Houston, Texas",2012-05-01,1534701,2012 (1917),Houston,Texas,2302878.0
Pinnacle West,Utilities,Multi-Utilities,"Phoenix, Arizona",1999-10-04,764622,1985,Phoenix,Arizona,1644409.0
Pioneer Natural Resources,Energy,Oil & Gas Exploration & Production,"Irving, Texas",2008-09-24,1038357,1997,Irving,Texas,254715.0
PNC Financial Services,Financials,Regional Banks,"Pittsburgh, Pennsylvania",1988-04-30,713676,1845,Pittsburgh,Pennsylvania,302898.0
Pool Corporation,Consumer Discretionary,Distributors,"Covington, Louisiana",2020-10-07,945841,1993,Covington,Louisiana,11636.0
PPG Industries,Materials,Specialty Chemicals,"Pittsburgh, Pennsylvania",1957-03-04,79879,1883,Pittsburgh,Pennsylvania,302898.0
PPL Corporation,Utilities,Electric Utilities,"Allentown, Pennsylvania",2001-10-01,922224,1920,Allentown,Pennsylvania,125094.0
Principal Financial Group,Financials,Life & Health Insurance,"Des Moines, Iowa",2002-07-22,1126328,1879,Des Moines,Iowa,211034.0
Procter & Gamble,Consumer Staples,Personal Care Products,"Cincinnati, Ohio",1957-03-04,80424,1837,Cincinnati,Ohio,309513.0
Progressive Corporation,Financials,Property & Casualty Insurance,"Mayfield Village, Ohio",1997-08-04,80661,1937,Mayfield,Ohio,3298.0
Prologis,Real Estate,Industrial REITs,"San Francisco, California",2003-07-17,1045609,1983,San Francisco,California,808437.0
Prudential Financial,Financials,Life & Health Insurance,"Newark, New Jersey",2002-07-22,1137774,1875,Newark,New Jersey,305344.0
Public Service Enterprise Group,Utilities,Electric Utilities,"Newark, New Jersey",1957-03-04,788784,1903,Newark,New Jersey,305344.0
PTC,Information Technology,Application Software,"Boston, Massachusetts",2021-04-20,857005,1985,Boston,Massachusetts,650706.0
Public Storage,Real Estate,Self-Storage REITs,"Glendale, California",2005-08-19,1393311,1972,Glendale,California,189221.0
PulteGroup,Consumer Discretionary,Homebuilding,"Atlanta, Georgia",1984-04-30,822416,1956,Atlanta,Georgia,499127.0
Qorvo,Information Technology,Semiconductors,"Greensboro, North Carolina",2015-06-11,1604778,2015,Greensboro,North Carolina,301115.0
Quanta Services,Industrials,Construction & Engineering,"Houston, Texas",2009-07-01,1050915,1997,Houston,Texas,2302878.0
Qualcomm,Information Technology,Semiconductors,"San Diego, California",1999-07-22,804328,1985,San Diego,California,1381162.0
Quest Diagnostics,Health Care,Health Care Services,"Secaucus, New Jersey",2002-12-12,1022079,1967,Secaucus,New Jersey,21108.0
Ralph Lauren Corporation,Consumer Discretionary,"Apparel, Accessories & Luxury Goods","New York City, New York",2007-02-02,1037038,1967,New York,New York,8335897.0
Raymond James,Financials,Investment Banking & Brokerage,"St. Petersburg, Florida",2017-03-20,720005,1962,Saint Petersburg,Florida,261256.0
RTX Corporation,Industrials,Aerospace & Defense,"Waltham, Massachusetts",1957-03-04,101829,1922,Waltham,Massachusetts,64065.0
Realty Income,Real Estate,Retail REITs,"San Diego, California",2015-04-07,726728,1969,San Diego,California,1381162.0
Regency Centers,Real Estate,Retail REITs,"Jacksonville, Florida",2017-03-02,910606,1963,Jacksonville,Florida,971319.0
Regeneron,Health Care,Biotechnology,"Tarrytown, New York",2013-05-01,872589,1988,Tarrytown,New York,11769.0
Regions Financial Corporation,Financials,Regional Banks,"Birmingham, Alabama",1998-08-28,1281761,1971,Birmingham,Alabama,196910.0
Republic Services,Industrials,Environmental & Facilities Services,"Phoenix, Arizona",2008-12-05,1060391,1998 (1981),Phoenix,Arizona,1644409.0
ResMed,Health Care,Health Care Equipment,"San Diego, California",2017-07-26,943819,1989,San Diego,California,1381162.0
Revvity,Health Care,Health Care Equipment,"Waltham, Massachusetts",1985-05-31,31791,1937,Waltham,Massachusetts,64065.0
Robert Half,Industrials,Human Resource & Employment Services,"Menlo Park, California",2000-12-05,315213,1948,Menlo Park,California,32295.0
Rockwell Automation,Industrials,Electrical Components & Equipment,"Milwaukee, Wisconsin",,1024478,1903,Milwaukee,Wisconsin,563305.0
"Rollins, Inc.",Industrials,Environmental & Facilities Services,"Atlanta, Georgia",2018-10-01,84839,1948,Atlanta,Georgia,499127.0
Roper Technologies,Information Technology,Electronic Equipment & Instruments,"Sarasota, Florida",2009-12-23,882835,1981,Sarasota,Florida,57376.0
Ross Stores,Consumer Discretionary,Apparel Retail,"Dublin, California",2009-12-21,745732,1982,Dublin,California,72060.0
Royal Caribbean Group,Consumer Discretionary,"Hotels, Resorts & Cruise Lines","Miami, Florida",2014-12-05,884887,1997,Miami,Florida,449514.0
S&P Global,Financials,Financial Exchanges & Data,"New York City, New York",1957-03-04,64040,1917,New York,New York,8335897.0
Salesforce,Information Technology,Application Software,"San Francisco, California",2008-09-15,1108524,1999,San Francisco,California,808437.0
SBA Communications,Real Estate,Telecom Tower REITs,"Boca Raton, Florida",2017-09-01,1034054,1989,Boca Raton,Florida,99009.0
Schlumberger,Energy,Oil & Gas Equipment & Services,"Houston, Texas",1957-03-04,87347,1926,Houston,Texas,2302878.0
Sealed Air,Materials,Paper & Plastic Packaging Products & Materials,"Charlotte, North Carolina",1957-03-04,1012100,1960,Charlotte,North Carolina,897720.0
Sempra Energy,Utilities,Multi-Utilities,"San Diego, California",2001?,1032208,1998,San Diego,California,1381162.0
ServiceNow,Information Technology,Systems Software,"Santa Clara, California",2019-11-21,1373715,2003,Santa Clara,California,126930.0
Sherwin-Williams,Materials,Specialty Chemicals,"Cleveland, Ohio",1964-06-30,89800,1866,Cleveland,Ohio,361607.0
Skyworks Solutions,Information Technology,Semiconductors,"Irvine, California",2015-03-12,4127,2002,Irvine,California,313685.0
J.M. Smucker Company (The),Consumer Staples,Packaged Foods & Meats,"Orrville, Ohio",2008-11-06,91419,1897,Orrville,Ohio,8430.0
Snap-on,Industrials,Industrial Machinery & Supplies & Components,"Kenosha, Wisconsin",1982-09-30,91440,1920,Kenosha,Wisconsin,98484.0
Southern Company,Utilities,Electric Utilities,"Atlanta, Georgia",1957-03-04,92122,1945,Atlanta,Georgia,499127.0
Southwest Airlines,Industrials,Passenger Airlines,"Dallas, Texas",1994-07-01,92380,1967,Dallas,Texas,1299544.0
Stanley Black & Decker,Industrials,Industrial Machinery & Supplies & Components,"New Britain, Connecticut",1982-09-30,93556,1843,New Britain,Connecticut,74396.0
Starbucks,Consumer Discretionary,Restaurants,"Seattle, Washington",2000-06-07,829224,1971,Seattle,Washington,749256.0
State Street Corporation,Financials,Asset Management & Custody Banks,"Boston, Massachusetts",2003-03-14,93751,1792,Boston,Massachusetts,650706.0
Steel Dynamics,Materials,Steel,"Fort Wayne, Indiana",2022-12-22,1022671,1993,Fort Wayne,Indiana,267927.0
Stryker Corporation,Health Care,Health Care Equipment,"Kalamazoo, Michigan",2000-12-12,310764,1941,Kalamazoo,Michigan,72873.0
Synchrony Financial,Financials,Consumer Finance,"Stamford, Connecticut",2015-11-18,1601712,2003,Stamford,Connecticut,136188.0
Synopsys,Information Technology,Application Software,"Sunnyvale, California",2017-03-16,883241,1986,Sunnyvale,California,153091.0
Sysco,Consumer Staples,Food Distributors,"Houston, Texas",1986-12-31,96021,1969,Houston,Texas,2302878.0
T-Mobile US,Communication Services,Wireless Telecommunication Services,"Bellevue, Washington",2019-07-15,1283699,1994,Bellevue,Washington,152767.0
T. Rowe Price,Financials,Asset Management & Custody Banks,"Baltimore, Maryland",,1113169,1937,Baltimore,Maryland,569931.0
Take-Two Interactive,Communication Services,Interactive Home Entertainment,"New York City, New York",2018-03-19,946581,1993,New York,New York,8335897.0
"Tapestry, Inc.",Consumer Discretionary,"Apparel, Accessories & Luxury Goods","New York City, New York",2004-09-01,1116132,2017,New York,New York,8335897.0
Targa Resources,Energy,Oil & Gas Storage & Transportation,"Houston, Texas",2022-10-12,1389170,2005,Houston,Texas,2302878.0
Target Corporation,Consumer Staples,Consumer Staples Merchandise Retail,"Minneapolis, Minnesota",1976-12-31,27419,1902,Minneapolis,Minnesota,425096.0
Teledyne Technologies,Information Technology,Electronic Equipment & Instruments,"Thousand Oaks, California",2020-06-22,1094285,1960,Thousand Oaks,California,124265.0
Teleflex,Health Care,Health Care Equipment,"Wayne, Pennsylvania",2019-01-18,96943,1943,Wayne,Pennsylvania,51173.0
Teradyne,Information Technology,Semiconductor Materials & Equipment,"North Reading, Massachusetts",2020-09-21,97210,1960,North Reading,Massachusetts,15549.0
"Tesla, Inc.",Consumer Discretionary,Automobile Manufacturers,"Austin, Texas",2020-12-21,1318605,2003,Austin,Texas,974447.0
Texas Instruments,Information Technology,Semiconductors,"Dallas, Texas",,97476,1930,Dallas,Texas,1299544.0
Textron,Industrials,Aerospace & Defense,"Providence, Rhode Island",1978-12-31,217346,1923,Providence,Rhode Island,189563.0
Thermo Fisher Scientific,Health Care,Life Sciences Tools & Services,"Waltham, Massachusetts",2004-08-03,97745,2006 (1902),Waltham,Massachusetts,64065.0
TJX Companies,Consumer Discretionary,Apparel Retail,"Framingham, Massachusetts",1985-09-30,109198,1987,Framingham,Massachusetts,70963.0
Tractor Supply,Consumer Discretionary,Specialty Stores,"Brentwood, Tennessee",2014-01-24,916365,1938,Brentwood,Tennessee,45136.0
TransDigm Group,Industrials,Aerospace & Defense,"Cleveland, Ohio",2016-06-03,1260221,1993,Cleveland,Ohio,361607.0
Travelers Companies (The),Financials,Property & Casualty Insurance,"New York City, New York",2002-08-21,86312,1853,New York,New York,8335897.0
Trimble Inc.,Information Technology,Electronic Equipment & Instruments,"Westminster, Colorado",2021-01-21,864749,1978,Westminster,Colorado,114533.0
Truist,Financials,Regional Banks,"Charlotte, North Carolina",1997-12-04,92230,1872,Charlotte,North Carolina,897720.0
Tyler Technologies,Information Technology,Application Software,"Plano, Texas",2020-06-22,860731,1966,Plano,Texas,289547.0
Tyson Foods,Consumer Staples,Packaged Foods & Meats,"Springdale, Arkansas",2005-08-10,100493,1935,Springdale,Arkansas,87672.0
U.S. Bank,Financials,Diversified Banks,"Minneapolis, Minnesota",,36104,1968,Minneapolis,Minnesota,425096.0
Ulta Beauty,Consumer Discretionary,Specialty Stores,"Bolingbrook, Illinois",2016-04-18,1403568,1990,Bolingbrook,Illinois,74031.0
Union Pacific Corporation,Industrials,Rail Transportation,"Omaha, Nebraska",1957-03-04,100885,1862,Omaha,Nebraska,485153.0
United Airlines Holdings,Industrials,Passenger Airlines,"Chicago, Illinois",2015-09-03,100517,1967,Chicago,Illinois,2665039.0
United Parcel Service,Industrials,Air Freight & Logistics,"Sandy Springs, Georgia",2002-07-22,1090727,1907,Sandy Springs,Georgia,107763.0
United Rentals,Industrials,Trading Companies & Distributors,"Stamford, Connecticut",2014-09-20,1067701,1997,Stamford,Connecticut,136188.0
UnitedHealth Group,Health Care,Managed Health Care,"Minnetonka, Minnesota",1994-07-01,731766,1977,Minnetonka,Minnesota,52544.0
Valero Energy,Energy,Oil & Gas Refining & Marketing,"San Antonio, Texas",2002-12-20,1035002,1980,San Antonio,Texas,1472909.0
Ventas,Real Estate,Health Care REITs,"Chicago, Illinois",2009-03-04,740260,1998,Chicago,Illinois,2665039.0
Veralto,Industrials,Environmental & Facilities Services,"Waltham, Massachusetts",2023-10-02,1967680,2023 (Danaher spinoff),Waltham,Massachusetts,64065.0
Verisk,Industrials,Research & Consulting Services,"Jersey City, New Jersey",2015-10-08,1442145,1971,Jersey,New Jersey,286670.0
Verizon,Communication Services,Integrated Telecommunication Services,"New York City, New York",1983-11-30,732712,1983 (1877),New York,New York,8335897.0
Vertex Pharmaceuticals,Health Care,Biotechnology,"Cambridge, Massachusetts",2013-09-23,875320,1989,Cambridge,Massachusetts,118488.0
VF Corporation,Consumer Discretionary,"Apparel, Accessories & Luxury Goods","Denver, Colorado",1979-06-30,103379,1899,Denver,Colorado,713252.0
Viatris,Health Care,Pharmaceuticals,"Pittsburgh, Pennsylvania",2004-04-23,1792044,1961,Pittsburgh,Pennsylvania,302898.0
Vici Properties,Real Estate,Hotel & Resort REITs,"New York City, New York",2022-06-08,1705696,2017,New York,New York,8335897.0
Visa Inc.,Financials,Transaction & Payment Processing Services,"San Francisco, California",2009-12-21,1403161,1958,San Francisco,California,808437.0
Vulcan Materials Company,Materials,Construction Materials,"Birmingham, Alabama",1999-06-30,1396009,1909,Birmingham,Alabama,196910.0
Wabtec,Industrials,Construction Machinery & Heavy Transportation Equipment,"Pittsburgh, Pennsylvania",2019-02-27,943452,1999 (1869),Pittsburgh,Pennsylvania,302898.0
Walgreens Boots Alliance,Consumer Staples,Drug Retail,"Deerfield, Illinois",1979-12-31,1618921,2014,Deerfield,Illinois,18950.0
Walmart,Consumer Staples,Consumer Staples Merchandise Retail,"Bentonville, Arkansas",1982-08-31,104169,1962,Bentonville,Arkansas,57868.0
Warner Bros. Discovery,Communication Services,Broadcasting,"New York City, New York",2022-04-11,1437107,2022 (Warner Bros. 1923),New York,New York,8335897.0
Waste Management,Industrials,Environmental & Facilities Services,"Houston, Texas",,823768,1968,Houston,Texas,2302878.0
Waters Corporation,Health Care,Life Sciences Tools & Services,"Milford, Massachusetts",2002-01-02,1000697,1958,Milford,Massachusetts,30196.0
WEC Energy Group,Utilities,Electric Utilities,"Milwaukee, Wisconsin",2008-10-31,783325,1896,Milwaukee,Wisconsin,563305.0
Wells Fargo,Financials,Diversified Banks,"San Francisco, California",1976-06-30,72971,1852,San Francisco,California,808437.0
Welltower,Real Estate,Health Care REITs,"Toledo, Ohio",2009-01-30,766704,1970,Toledo,Ohio,266301.0
Western Digital,Information Technology,"Technology Hardware, Storage & Peripherals","San Jose, California",2009-07-01,106040,1970,San Jose,California,971233.0
WestRock,Materials,Paper & Plastic Packaging Products & Materials,"Atlanta, Georgia",1957-03-04,1732845,2015,Atlanta,Georgia,499127.0
Weyerhaeuser,Real Estate,Timber REITs,"Seattle, Washington",,106535,1900,Seattle,Washington,749256.0
Whirlpool Corporation,Consumer Discretionary,Household Appliances,"Benton Harbor, Michigan",,106640,1911,Benton Harbor,Michigan,8943.0
Williams Companies,Energy,Oil & Gas Storage & Transportation,"Tulsa, Oklahoma",1975-03-31,107263,1908,Tulsa,Oklahoma,411867.0
W. W. Grainger,Industrials,Industrial Machinery & Supplies & Components,"Lake Forest, Illinois",1981-06-30,277135,1927,Lake Forest,Illinois,19252.0
Xcel Energy,Utilities,Multi-Utilities,"Minneapolis, Minnesota",1957-03-04,72903,1909,Minneapolis,Minnesota,425096.0
Xylem Inc.,Industrials,Industrial Machinery & Supplies & Components,"White Plains, New York",2011-11-01,1524472,2011,White Plains,New York,59316.0
Yum! Brands,Consumer Discretionary,Restaurants,"Louisville, Kentucky",1997-10-06,1041061,1997,Louisville,Kentucky,624444.0
Zebra Technologies,Information Technology,Electronic Equipment & Instruments,"Lincolnshire, Illinois",2019-12-23,877212,1969,Lincolnshire,Illinois,7922.0
Zimmer Biomet,Health Care,Health Care Equipment,"Warsaw, Indiana",2001-08-07,1136869,1927,Warsaw,Indiana,16111.0
Zions Bancorporation,Financials,Regional Banks,"Salt Lake City, Utah",2001-06-22,109380,1873,Salt Lake,Utah,204657.0
